08, 13, 26, 35, 45, 51
01, 15, 24, 31, 34, 44
03, 08, 29, 30, 31, 49
21, 25, 39, 50, 54, 59
15, 19, 32, 38, 47, 50
21, 25, 27, 39, 44, 56
03, 08, 13, 21, 33, 41
08, 14, 19, 35, 42, 50
01, 06, 23, 30, 40, 51
05, 17, 30, 35, 41, 49
05, 08, 21, 24, 50, 56
08, 18, 34, 44, 50, 54
03, 08, 25, 31, 38, 44
01, 17, 25, 27, 28, 50
01, 02, 32, 33, 36, 39
07, 12, 20, 34, 51, 52
08, 18, 21, 22, 26, 49
09, 10, 20, 34, 55, 56
06, 08, 11, 17, 22, 41
21, 27, 29, 34, 41, 48
05, 07, 13, 38, 44, 48
05, 22, 35, 47, 52, 58
10, 25, 35, 45, 48, 49
02, 14, 15, 21, 48, 51
07, 43, 46, 49, 52, 57
01, 11, 35, 50, 55, 56
06, 15, 18, 31, 48, 53
02, 09, 18, 26, 36, 57
06, 15, 26, 30, 55, 56
19, 20, 25, 36, 38, 53
02, 18, 21, 38, 39, 44
17, 26, 35, 47, 55, 57
01, 10, 20, 23, 29, 31
01, 17, 32, 42, 43, 54
11, 15, 31, 39, 47, 48
01, 10, 17, 20, 23, 34
05, 16, 21, 30, 38, 49
11, 23, 28, 39, 44, 53
11, 16, 20, 22, 30, 37
01, 09, 32, 36, 56, 57
09, 16, 21, 28, 30, 48
18, 34, 37, 38, 42, 55
02, 03, 30, 43, 55, 59
16, 25, 28, 29, 46, 48
14, 30, 33, 45, 52, 59
14, 17, 23, 25, 39, 45
04, 05, 10, 46, 50, 56
04, 24, 30, 37, 40, 45
08, 19, 22, 31, 44, 53
15, 18, 25, 26, 27, 52
07, 17, 29, 47, 57, 59
08, 20, 22, 24, 33, 41
04, 07, 19, 21, 26, 56
07, 19, 44, 47, 48, 54
03, 16, 27, 33, 51, 58
08, 23, 25, 26, 40, 58
09, 16, 20, 32, 34, 41
21, 24, 36, 38, 41, 47
02, 19, 26, 33, 50, 58
15, 31, 33, 37, 49, 55
02, 08, 11, 16, 37, 54
07, 09, 13, 33, 35, 59
02, 11, 15, 19, 23, 56
02, 08, 17, 23, 27, 55
07, 26, 39, 41, 50, 56
08, 09, 10, 22, 31, 49
10, 20, 30, 31, 42, 49
04, 08, 14, 27, 44, 50
06, 10, 17, 31, 35, 51
05, 07, 21, 27, 29, 50
06, 12, 15, 23, 39, 56
16, 24, 32, 34, 39, 54
09, 12, 13, 14, 23, 53
01, 05, 10, 16, 28, 34
05, 14, 23, 25, 33, 48
04, 44, 46, 49, 54, 59
12, 15, 31, 40, 47, 59
06, 26, 35, 39, 50, 52
14, 20, 21, 47, 51, 54
07, 16, 30, 40, 51, 56
03, 14, 22, 45, 50, 56
01, 07, 11, 22, 42, 52
06, 10, 13, 27, 29, 43
02, 15, 20, 24, 48, 53
07, 11, 21, 42, 45, 52
04, 20, 26, 30, 54, 58
27, 36, 37, 51, 58, 59
05, 07, 15, 23, 32, 44
18, 22, 30, 51, 55, 59
03, 10, 24, 29, 44, 52
18, 19, 25, 42, 52, 56
07, 28, 37, 45, 48, 52
05, 13, 21, 23, 38, 57
04, 10, 28, 35, 38, 55
02, 15, 23, 39, 54, 56
05, 13, 23, 33, 45, 57
06, 09, 29, 33, 52, 57
04, 06, 19, 24, 33, 41
04, 06, 07, 20, 44, 57
13, 15, 19, 32, 34, 48
09, 35, 41, 45, 54, 55
07, 17, 36, 38, 48, 55
09, 12, 18, 33, 36, 50
03, 23, 29, 38, 45, 58
03, 07, 11, 15, 52, 58
11, 18, 35, 51, 53, 55
04, 10, 23, 47, 53, 58
14, 35, 36, 44, 51, 58
03, 11, 16, 17, 46, 53
08, 39, 42, 44, 48, 49
11, 20, 23, 28, 45, 57
02, 09, 10, 16, 24, 44
05, 24, 29, 31, 39, 48
01, 02, 18, 42, 55, 57
05, 06, 23, 35, 36, 44
01, 20, 25, 40, 42, 46
03, 11, 29, 37, 41, 49
13, 22, 27, 46, 49, 53
09, 20, 21, 28, 32, 50
02, 05, 11, 24, 45, 52
24, 27, 37, 50, 51, 58
08, 26, 34, 35, 44, 50
16, 19, 28, 32, 53, 54
19, 30, 36, 39, 46, 47
04, 09, 17, 21, 43, 57
04, 12, 13, 17, 49, 58
04, 17, 35, 39, 43, 45
01, 14, 32, 35, 41, 54
06, 14, 24, 29, 35, 54
01, 09, 11, 48, 50, 53
01, 12, 14, 22, 23, 28
06, 14, 25, 44, 45, 58
02, 24, 38, 49, 55, 57
03, 13, 30, 40, 47, 57
10, 15, 29, 34, 36, 43
15, 30, 31, 43, 53, 54
22, 37, 40, 44, 45, 49
04, 28, 36, 37, 54, 56
12, 15, 31, 40, 45, 50
04, 12, 14, 27, 29, 35
17, 19, 20, 22, 31, 50
02, 10, 33, 39, 41, 52
20, 24, 31, 38, 43, 47
10, 12, 34, 45, 51, 55
03, 04, 30, 37, 43, 53
21, 29, 38, 39, 51, 54
05, 06, 16, 20, 56, 59
07, 12, 26, 33, 38, 39
03, 05, 29, 39, 42, 43
19, 23, 28, 41, 43, 55
01, 24, 27, 36, 51, 55
07, 08, 30, 39, 41, 57
11, 27, 31, 41, 42, 56
08, 20, 30, 32, 46, 58
12, 13, 14, 31, 34, 48
10, 12, 16, 20, 28, 47
04, 31, 35, 42, 46, 58
05, 16, 25, 28, 34, 45
02, 07, 31, 33, 48, 55
06, 14, 27, 38, 50, 58
21, 32, 38, 47, 48, 58
07, 08, 17, 21, 25, 32
10, 14, 24, 43, 45, 53
10, 22, 25, 33, 34, 54
04, 19, 22, 25, 43, 44
15, 17, 19, 27, 36, 57
02, 09, 13, 19, 24, 46
03, 10, 14, 22, 46, 47
02, 10, 18, 25, 38, 40
14, 16, 25, 26, 27, 35
02, 05, 30, 32, 45, 46
04, 18, 40, 45, 52, 56
08, 43, 46, 48, 53, 55
12, 24, 32, 49, 52, 56
06, 09, 11, 17, 32, 58
06, 07, 32, 45, 48, 52
04, 17, 25, 31, 42, 45
08, 20, 33, 36, 42, 57
13, 14, 15, 37, 52, 54
12, 16, 33, 42, 50, 59
13, 29, 37, 43, 51, 58
04, 10, 22, 34, 40, 54
02, 13, 22, 30, 53, 55
11, 15, 16, 29, 37, 55
01, 03, 07, 24, 30, 41
05, 20, 28, 50, 54, 57
04, 14, 21, 29, 35, 53
09, 16, 22, 28, 49, 50
08, 13, 29, 30, 37, 53
17, 28, 31, 32, 39, 59
06, 09, 10, 12, 49, 56
10, 25, 32, 44, 51, 58
05, 08, 15, 40, 51, 53
16, 31, 32, 37, 40, 45
06, 10, 17, 21, 29, 44
07, 14, 16, 29, 45, 56
29, 32, 34, 37, 52, 57
05, 15, 26, 51, 55, 57
07, 12, 32, 37, 38, 50
06, 10, 13, 31, 33, 39
03, 28, 30, 37, 49, 54
13, 24, 35, 50, 57, 58
10, 14, 18, 22, 33, 57
07, 11, 32, 37, 47, 51
08, 12, 22, 30, 41, 44
11, 15, 16, 25, 44, 47
20, 30, 33, 36, 38, 57
27, 29, 31, 38, 51, 52
04, 22, 25, 53, 54, 58
07, 11, 14, 21, 40, 48
06, 10, 20, 30, 43, 46
08, 16, 17, 25, 40, 54
10, 14, 18, 30, 33, 55
03, 10, 12, 38, 57, 58
23, 25, 31, 38, 43, 44
07, 09, 26, 29, 50, 55
07, 11, 13, 26, 34, 39
15, 24, 29, 34, 39, 54
24, 29, 42, 43, 47, 53
18, 33, 35, 46, 51, 59
01, 06, 19, 26, 40, 41
16, 19, 20, 40, 51, 55
06, 07, 15, 31, 51, 53
06, 07, 19, 22, 27, 40
05, 16, 35, 47, 49, 55
10, 11, 32, 34, 35, 46
02, 26, 32, 35, 44, 52
22, 25, 35, 37, 44, 52
17, 26, 31, 39, 47, 50
21, 24, 31, 35, 45, 54
08, 12, 21, 51, 54, 56
04, 15, 28, 29, 30, 55
01, 02, 25, 38, 46, 49
07, 10, 14, 15, 22, 31
01, 02, 26, 33, 40, 41
03, 19, 27, 43, 50, 53
06, 18, 30, 34, 35, 56
11, 27, 29, 40, 51, 58
05, 08, 11, 33, 48, 57
01, 12, 30, 37, 44, 49
01, 22, 28, 30, 45, 49
03, 13, 19, 31, 32, 34
13, 22, 24, 26, 27, 50
15, 18, 39, 45, 52, 53
01, 04, 06, 13, 14, 35
15, 28, 31, 49, 50, 57
06, 10, 12, 27, 52, 54
02, 05, 13, 18, 28, 36
07, 08, 12, 21, 37, 45
02, 05, 11, 33, 50, 54
23, 30, 46, 49, 53, 58
12, 16, 23, 38, 54, 55
15, 17, 19, 27, 28, 32
05, 26, 27, 43, 54, 59
17, 19, 29, 37, 40, 50
04, 14, 21, 23, 30, 39
14, 16, 27, 39, 47, 48
01, 04, 06, 25, 30, 54
06, 18, 31, 43, 53, 54
06, 17, 24, 30, 35, 40
02, 11, 14, 17, 34, 38
16, 21, 25, 36, 49, 59
13, 17, 20, 31, 36, 43
25, 45, 46, 49, 51, 58
13, 26, 37, 41, 42, 46
11, 18, 38, 41, 49, 53
01, 06, 11, 24, 25, 39
09, 38, 40, 41, 48, 54
05, 08, 16, 25, 31, 46
04, 07, 23, 39, 56, 59
18, 39, 43, 47, 48, 55
38, 45, 47, 49, 51, 56
19, 26, 28, 29, 48, 57
12, 16, 22, 34, 42, 54
02, 03, 06, 15, 20, 55
05, 17, 23, 29, 34, 40
05, 08, 31, 35, 53, 57
20, 21, 30, 36, 44, 58
05, 07, 11, 20, 26, 38
07, 15, 28, 32, 39, 56
03, 04, 29, 34, 43, 53
07, 17, 37, 47, 48, 52
08, 20, 30, 49, 50, 57
03, 29, 32, 45, 50, 57
12, 19, 23, 33, 54, 55
17, 20, 23, 36, 51, 59
11, 14, 23, 28, 34, 47
04, 29, 31, 32, 48, 54
04, 19, 27, 29, 36, 50
14, 21, 40, 49, 53, 58
15, 32, 36, 42, 44, 49
05, 32, 41, 54, 56, 57
20, 26, 31, 39, 42, 55
08, 15, 19, 27, 38, 59
22, 26, 32, 44, 46, 56
10, 22, 25, 31, 38, 44
01, 04, 07, 18, 44, 45
02, 05, 25, 46, 52, 56
08, 22, 25, 28, 36, 56
06, 09, 11, 12, 25, 46
03, 09, 28, 42, 43, 52
02, 21, 22, 34, 48, 59
18, 23, 25, 27, 48, 57
07, 15, 17, 20, 22, 37
02, 37, 41, 46, 47, 50
03, 19, 36, 44, 46, 55
04, 19, 24, 29, 47, 56
30, 32, 47, 54, 55, 57
23, 31, 34, 35, 43, 46
06, 09, 34, 44, 49, 58
25, 29, 33, 37, 42, 51
08, 17, 22, 39, 44, 54
11, 21, 24, 40, 49, 55
08, 13, 15, 18, 19, 46
04, 08, 26, 28, 31, 44
09, 10, 13, 22, 30, 39
24, 27, 35, 36, 51, 58
03, 15, 24, 43, 51, 58
01, 04, 11, 46, 47, 59
02, 40, 42, 52, 54, 57
05, 17, 42, 44, 53, 57
03, 10, 38, 44, 47, 57
09, 18, 27, 47, 51, 53
04, 12, 13, 15, 27, 43
03, 17, 33, 35, 43, 59
08, 28, 31, 32, 42, 52
15, 17, 28, 38, 50, 54
06, 07, 14, 32, 42, 43
06, 25, 31, 34, 39, 41
03, 05, 10, 41, 54, 58
01, 22, 29, 40, 42, 58
02, 04, 09, 23, 30, 34
02, 10, 17, 26, 35, 53
01, 20, 35, 36, 52, 59
24, 27, 36, 42, 50, 52
02, 04, 19, 23, 49, 51
17, 42, 45, 50, 51, 52
02, 11, 12, 20, 36, 49
03, 04, 31, 37, 39, 58
14, 15, 23, 32, 45, 47
06, 12, 16, 20, 35, 41
03, 20, 24, 25, 54, 58
31, 33, 41, 50, 51, 54
03, 16, 19, 24, 36, 57
19, 20, 41, 42, 44, 54
08, 18, 37, 46, 49, 57
21, 27, 28, 52, 56, 57
10, 37, 38, 43, 49, 50
07, 17, 28, 34, 43, 50
22, 28, 31, 45, 49, 56
01, 03, 15, 30, 49, 52
20, 28, 38, 40, 44, 59
03, 26, 34, 36, 42, 57
20, 30, 39, 46, 47, 58
13, 19, 24, 34, 40, 46
03, 10, 11, 26, 39, 54
11, 18, 23, 25, 35, 53
05, 17, 22, 26, 29, 56
14, 19, 32, 46, 48, 55
05, 31, 38, 40, 43, 44
08, 27, 32, 35, 51, 59
09, 23, 26, 38, 46, 51
14, 34, 47, 50, 51, 56
08, 36, 40, 41, 46, 54
01, 11, 21, 45, 53, 58
18, 27, 35, 40, 45, 53
06, 19, 23, 28, 42, 55
06, 20, 30, 32, 37, 57
02, 03, 11, 24, 38, 54
03, 09, 31, 44, 47, 57
01, 16, 17, 20, 40, 43
04, 36, 39, 52, 53, 54
22, 26, 29, 31, 35, 49
07, 14, 22, 42, 49, 58
09, 13, 16, 27, 50, 56
02, 07, 30, 52, 53, 58
03, 30, 34, 44, 45, 51
11, 19, 26, 29, 47, 50
07, 10, 13, 25, 29, 57
05, 08, 16, 23, 27, 31
08, 12, 20, 53, 56, 59
21, 30, 32, 38, 46, 53
06, 16, 26, 36, 41, 57
08, 16, 23, 34, 43, 49
20, 34, 41, 47, 54, 57
02, 19, 31, 39, 47, 54
05, 13, 15, 38, 52, 53
01, 06, 08, 12, 37, 48
06, 11, 36, 41, 46, 53
23, 29, 46, 48, 52, 57
18, 23, 27, 37, 43, 50
13, 23, 29, 30, 43, 47
03, 18, 23, 37, 50, 58
12, 25, 31, 40, 41, 53
01, 33, 38, 54, 55, 56
04, 08, 25, 29, 54, 57
04, 22, 40, 41, 43, 44
03, 12, 16, 20, 24, 36
12, 13, 16, 24, 25, 39
11, 13, 35, 41, 47, 56
08, 09, 11, 13, 25, 53
07, 11, 15, 26, 45, 49
08, 30, 51, 54, 57, 58
07, 17, 22, 51, 57, 59
14, 19, 29, 34, 40, 52
01, 02, 11, 30, 39, 48
02, 16, 17, 18, 42, 50
04, 26, 28, 30, 37, 46
10, 12, 15, 30, 45, 57
13, 17, 27, 38, 52, 57
07, 16, 24, 26, 55, 56
31, 32, 34, 48, 54, 55
02, 08, 24, 42, 44, 58
01, 03, 39, 46, 50, 53
10, 37, 38, 40, 50, 52
15, 19, 33, 46, 52, 53
13, 14, 21, 43, 50, 51
15, 31, 41, 44, 47, 58
03, 19, 22, 41, 44, 55
03, 38, 39, 40, 43, 48
14, 17, 21, 22, 26, 58
19, 27, 36, 45, 53, 55
04, 06, 10, 12, 43, 46
04, 09, 14, 16, 37, 53
07, 14, 22, 32, 40, 51
07, 13, 23, 24, 32, 43
08, 13, 15, 40, 42, 56
10, 17, 20, 21, 35, 37
08, 20, 50, 52, 54, 56
06, 14, 20, 31, 57, 59
02, 21, 38, 50, 52, 53
04, 25, 26, 35, 36, 54
04, 17, 36, 43, 51, 55
07, 26, 36, 37, 42, 53
11, 25, 29, 36, 39, 44
10, 22, 23, 25, 41, 55
12, 23, 27, 31, 58, 59
11, 18, 21, 32, 33, 46
03, 06, 27, 38, 54, 55
09, 15, 17, 24, 31, 44
25, 30, 35, 40, 43, 59
08, 19, 27, 43, 49, 51
09, 16, 38, 44, 51, 58
03, 11, 16, 22, 41, 49
10, 16, 20, 25, 50, 59
17, 28, 29, 37, 43, 48
03, 04, 11, 42, 44, 45
05, 12, 22, 34, 39, 44
02, 04, 09, 17, 46, 52
06, 09, 28, 41, 46, 50
10, 15, 20, 25, 38, 51
03, 37, 40, 46, 47, 48
01, 02, 04, 15, 24, 57
12, 15, 29, 47, 55, 57
22, 37, 38, 44, 55, 59
06, 24, 38, 49, 52, 53
08, 25, 27, 40, 47, 48
20, 34, 36, 47, 52, 59
17, 32, 41, 43, 45, 59
10, 15, 19, 38, 54, 55
19, 26, 41, 52, 54, 58
01, 04, 09, 25, 32, 58
08, 25, 35, 40, 46, 59
31, 41, 45, 46, 49, 50
12, 15, 16, 23, 40, 48
20, 28, 37, 40, 52, 53
14, 22, 37, 42, 50, 59
02, 06, 08, 11, 51, 59
17, 20, 21, 30, 39, 50
03, 10, 18, 24, 27, 50
01, 13, 32, 34, 41, 59
21, 27, 29, 33, 39, 44
03, 26, 30, 43, 51, 59
16, 21, 22, 43, 53, 59
12, 17, 25, 32, 48, 55
05, 23, 33, 35, 36, 53
18, 27, 30, 34, 35, 39
04, 41, 42, 48, 51, 55
10, 18, 21, 38, 40, 57
11, 21, 23, 34, 36, 38
02, 11, 12, 47, 49, 50
24, 25, 27, 42, 46, 57
21, 27, 49, 55, 58, 59
03, 06, 18, 36, 41, 57
04, 08, 10, 13, 15, 22
08, 11, 12, 20, 41, 51
01, 11, 12, 13, 23, 50
18, 20, 23, 40, 52, 57
02, 04, 16, 18, 47, 49
21, 23, 31, 40, 42, 52
01, 10, 11, 15, 16, 44
13, 33, 35, 41, 47, 49
09, 10, 21, 26, 34, 49
04, 07, 25, 31, 43, 45
02, 03, 06, 31, 39, 48
02, 12, 15, 53, 55, 59
09, 25, 35, 42, 48, 57
04, 11, 21, 34, 38, 44
06, 33, 34, 37, 55, 56
16, 20, 30, 31, 35, 45
20, 27, 29, 50, 53, 59
01, 13, 22, 31, 36, 53
02, 03, 15, 26, 39, 56
08, 11, 20, 34, 37, 57
09, 16, 32, 42, 53, 57
05, 14, 33, 36, 50, 54
05, 14, 16, 38, 49, 56
27, 31, 32, 33, 51, 53
19, 32, 34, 37, 41, 53
05, 10, 15, 25, 30, 35
02, 03, 16, 26, 43, 52
07, 16, 26, 39, 47, 50
06, 32, 34, 42, 46, 50
03, 11, 18, 40, 49, 51
03, 07, 28, 36, 47, 53
09, 10, 22, 24, 32, 58
05, 36, 39, 54, 57, 59
09, 22, 28, 35, 43, 46
01, 08, 09, 32, 48, 58
09, 13, 30, 34, 44, 46
02, 13, 24, 45, 52, 53
03, 09, 40, 45, 52, 54
06, 30, 40, 47, 53, 55
07, 13, 32, 34, 39, 56
06, 07, 22, 30, 40, 43
01, 39, 40, 46, 51, 55
09, 19, 21, 51, 53, 58
01, 11, 40, 45, 53, 58
07, 09, 16, 36, 39, 56
06, 28, 33, 46, 49, 59
03, 21, 27, 37, 40, 47
10, 15, 25, 36, 46, 52
20, 24, 34, 36, 37, 56
11, 18, 21, 23, 43, 52
01, 08, 19, 20, 30, 35
08, 10, 24, 29, 48, 49
15, 23, 29, 37, 40, 52
04, 08, 12, 23, 49, 52
10, 13, 22, 25, 42, 43
01, 02, 03, 13, 27, 40
16, 26, 31, 32, 54, 58
05, 17, 30, 40, 43, 57
13, 32, 34, 36, 41, 50
24, 25, 38, 41, 49, 59
13, 29, 31, 33, 54, 59
13, 23, 25, 30, 49, 59
03, 09, 38, 44, 51, 59
08, 18, 25, 38, 49, 51
07, 33, 40, 43, 47, 52
07, 08, 09, 11, 16, 57
04, 19, 20, 21, 23, 45
04, 07, 18, 28, 40, 58
12, 18, 36, 41, 49, 53
01, 02, 25, 27, 49, 55
03, 09, 14, 24, 41, 44
07, 10, 27, 34, 37, 52
01, 06, 36, 41, 55, 57
28, 31, 40, 43, 50, 59
13, 25, 28, 30, 46, 55
07, 09, 11, 12, 28, 38
11, 13, 20, 41, 56, 59
08, 24, 36, 52, 53, 57
03, 06, 20, 22, 44, 54
25, 36, 38, 44, 55, 57
04, 20, 29, 32, 45, 53
14, 27, 35, 37, 49, 50
07, 19, 20, 26, 32, 43
06, 08, 12, 13, 17, 26
15, 19, 21, 22, 42, 52
06, 12, 15, 17, 26, 34
02, 11, 14, 16, 43, 59
14, 19, 20, 31, 50, 52
01, 16, 26, 28, 36, 40
04, 19, 22, 30, 34, 38
08, 14, 25, 27, 42, 47
01, 36, 39, 50, 51, 58
07, 14, 20, 23, 24, 54
02, 04, 05, 22, 23, 45
07, 26, 41, 42, 43, 49
05, 16, 43, 48, 52, 54
08, 09, 40, 44, 52, 55
29, 30, 43, 49, 55, 56
03, 06, 26, 31, 33, 51
04, 05, 10, 14, 16, 33
11, 12, 21, 36, 50, 59
05, 27, 37, 43, 45, 55
16, 24, 41, 47, 53, 57
17, 20, 22, 31, 42, 47
02, 03, 19, 44, 47, 57
03, 18, 19, 25, 53, 57
02, 13, 24, 32, 38, 54
05, 18, 22, 49, 57, 59
03, 10, 14, 22, 40, 52
02, 10, 42, 45, 50, 51
04, 12, 13, 22, 31, 50
19, 21, 29, 35, 47, 57
14, 23, 36, 38, 45, 57
05, 15, 19, 51, 53, 54
01, 05, 07, 19, 21, 55
06, 12, 14, 41, 46, 59
23, 24, 29, 35, 37, 46
18, 25, 31, 36, 46, 56
12, 16, 27, 28, 34, 39
24, 31, 39, 42, 49, 52
02, 05, 27, 30, 38, 48
12, 17, 18, 38, 47, 59
06, 29, 35, 39, 48, 53
08, 36, 38, 49, 50, 59
15, 16, 33, 34, 40, 50
09, 14, 18, 21, 41, 58
14, 22, 28, 30, 31, 38
06, 19, 20, 21, 25, 43
02, 17, 19, 42, 44, 47
04, 25, 38, 40, 43, 48
16, 27, 32, 34, 36, 57
23, 27, 35, 36, 38, 45
15, 37, 43, 55, 56, 59
07, 10, 20, 30, 36, 57
11, 14, 28, 31, 47, 57
04, 09, 22, 26, 39, 50
09, 16, 41, 45, 49, 53
02, 04, 24, 31, 36, 50
02, 08, 23, 35, 41, 54
12, 16, 21, 39, 43, 51
03, 19, 32, 37, 42, 45
06, 33, 39, 40, 42, 44
06, 07, 13, 35, 42, 43
08, 16, 17, 30, 41, 48
03, 08, 23, 35, 37, 40
02, 05, 15, 34, 38, 57
04, 05, 17, 32, 50, 58
05, 09, 18, 26, 35, 56
21, 26, 36, 39, 51, 54
11, 21, 26, 28, 43, 49
20, 23, 26, 29, 50, 56
01, 04, 29, 30, 40, 59
17, 28, 31, 39, 52, 53
08, 09, 21, 39, 40, 48
15, 20, 33, 45, 57, 58
10, 15, 39, 45, 50, 59
11, 13, 19, 31, 36, 54
05, 12, 22, 23, 25, 57
02, 13, 19, 20, 36, 46
06, 15, 34, 35, 47, 58
21, 23, 28, 38, 42, 47
05, 06, 17, 33, 37, 46
22, 31, 34, 40, 45, 52
01, 06, 20, 48, 53, 59
07, 13, 15, 26, 33, 57
19, 33, 45, 49, 52, 57
06, 29, 33, 44, 51, 56
01, 23, 31, 33, 44, 53
01, 06, 21, 28, 29, 42
08, 09, 13, 21, 24, 54
20, 22, 31, 32, 43, 45
17, 33, 41, 50, 53, 55
07, 12, 41, 51, 53, 54
08, 09, 24, 39, 40, 47
07, 20, 25, 28, 32, 37
12, 18, 28, 40, 45, 57
18, 32, 50, 51, 53, 58
25, 27, 34, 48, 55, 58
28, 37, 38, 40, 50, 56
02, 04, 06, 31, 32, 34
06, 11, 26, 34, 39, 52
05, 13, 24, 30, 45, 53
03, 07, 13, 24, 33, 47
02, 09, 16, 18, 49, 54
01, 02, 14, 25, 33, 36
14, 33, 41, 43, 44, 47
01, 18, 29, 30, 51, 53
01, 07, 16, 25, 47, 49
08, 09, 17, 48, 54, 55
03, 09, 10, 16, 27, 58
11, 12, 15, 27, 46, 50
09, 13, 27, 28, 34, 46
12, 14, 40, 41, 44, 57
04, 21, 32, 39, 44, 47
15, 21, 29, 37, 41, 44
01, 17, 19, 22, 24, 29
03, 08, 39, 46, 48, 57
25, 30, 33, 41, 42, 54
07, 08, 10, 12, 15, 37
10, 16, 41, 50, 51, 55
01, 08, 10, 31, 52, 57
04, 11, 26, 31, 37, 49
25, 26, 33, 45, 47, 48
02, 11, 12, 16, 32, 49
03, 20, 26, 44, 55, 57
02, 06, 16, 17, 25, 59
17, 24, 25, 26, 42, 54
10, 15, 17, 37, 41, 53
03, 14, 16, 45, 53, 57
19, 28, 30, 34, 51, 52
16, 25, 32, 45, 46, 58
01, 03, 34, 44, 47, 49
01, 09, 21, 37, 45, 53
04, 09, 25, 40, 52, 57
01, 07, 13, 30, 34, 46
08, 24, 33, 35, 44, 53
17, 25, 32, 35, 40, 53
06, 24, 30, 50, 51, 57
01, 04, 11, 24, 42, 56
05, 11, 17, 24, 25, 39
05, 08, 15, 18, 24, 45
09, 14, 26, 27, 51, 55
07, 11, 23, 24, 27, 49
07, 24, 36, 52, 54, 55
08, 22, 32, 41, 53, 57
03, 08, 21, 23, 40, 57
03, 18, 23, 33, 34, 57
03, 12, 22, 38, 48, 50
04, 08, 19, 34, 47, 54
16, 17, 21, 30, 43, 44
10, 19, 24, 38, 39, 55
02, 25, 32, 53, 55, 57
01, 14, 25, 32, 47, 50
07, 11, 20, 21, 34, 47
05, 14, 26, 27, 39, 42
22, 26, 31, 36, 39, 50
11, 16, 35, 36, 54, 56
02, 08, 17, 18, 40, 47
08, 13, 34, 44, 53, 58
15, 20, 24, 25, 42, 43
14, 20, 30, 38, 40, 59
09, 27, 30, 34, 50, 53
08, 21, 32, 34, 37, 44
18, 20, 22, 28, 40, 56
14, 32, 40, 41, 54, 57
03, 24, 35, 42, 44, 50
07, 13, 16, 40, 41, 47
07, 14, 26, 27, 39, 41
14, 15, 23, 37, 40, 57
12, 13, 17, 26, 35, 43
01, 19, 21, 49, 50, 58
02, 08, 13, 43, 45, 53
17, 31, 45, 48, 49, 55
15, 23, 32, 41, 46, 51
18, 30, 31, 34, 49, 54
08, 10, 16, 19, 38, 54
10, 11, 25, 43, 51, 55
05, 22, 27, 41, 53, 56
03, 14, 28, 32, 44, 50
13, 15, 16, 20, 21, 34
01, 13, 14, 27, 31, 51
12, 24, 26, 44, 47, 52
15, 33, 47, 53, 55, 58
15, 28, 31, 33, 44, 58
01, 13, 14, 29, 32, 38
01, 08, 27, 42, 44, 49
06, 07, 32, 41, 42, 52
07, 09, 12, 42, 43, 59
07, 11, 19, 21, 23, 37
16, 19, 22, 47, 48, 56
31, 36, 38, 41, 44, 48
25, 28, 29, 35, 51, 55
16, 20, 25, 36, 46, 54
08, 16, 27, 35, 37, 41
11, 12, 19, 32, 34, 59
07, 09, 11, 24, 41, 57
08, 15, 28, 37, 40, 47
11, 26, 31, 36, 53, 58
02, 07, 13, 26, 32, 47
28, 35, 39, 46, 52, 57
12, 17, 38, 48, 55, 57
16, 17, 43, 47, 48, 51
10, 13, 16, 19, 33, 57
05, 12, 16, 45, 48, 54
17, 22, 23, 28, 41, 53
12, 20, 26, 31, 57, 59
01, 10, 18, 31, 34, 42
23, 26, 29, 31, 40, 58
12, 16, 24, 40, 44, 48
01, 23, 31, 35, 44, 50
10, 11, 16, 24, 42, 54
03, 34, 37, 38, 46, 59
04, 38, 39, 45, 46, 47
04, 11, 35, 52, 56, 57
01, 02, 22, 23, 30, 32
01, 29, 36, 42, 55, 56
03, 18, 25, 33, 39, 46
14, 25, 28, 36, 49, 59
02, 08, 12, 27, 30, 37
04, 18, 36, 42, 43, 47
09, 19, 21, 22, 28, 32
02, 05, 08, 29, 33, 50
09, 12, 35, 36, 47, 55
11, 47, 52, 56, 57, 59
05, 07, 12, 20, 37, 53
10, 14, 20, 33, 46, 55
05, 06, 21, 35, 38, 51
08, 14, 15, 31, 50, 56
12, 25, 29, 30, 37, 53
01, 18, 34, 44, 50, 51
09, 11, 20, 23, 39, 53
02, 07, 18, 29, 31, 49
01, 02, 10, 28, 35, 36
01, 08, 19, 28, 46, 48
03, 29, 32, 45, 46, 50
02, 06, 35, 39, 46, 47
04, 24, 38, 40, 47, 48
11, 19, 30, 45, 55, 56
07, 09, 19, 25, 36, 50
18, 23, 29, 35, 42, 59
16, 29, 30, 43, 44, 50
06, 11, 13, 15, 25, 27
08, 14, 15, 40, 45, 49
07, 18, 27, 31, 39, 45
11, 26, 36, 42, 46, 56
33, 35, 37, 47, 48, 58
22, 40, 42, 43, 45, 55
12, 21, 28, 37, 44, 58
19, 29, 35, 42, 49, 59
19, 36, 38, 42, 43, 45
02, 35, 40, 55, 56, 59
01, 19, 33, 42, 47, 49
03, 05, 07, 09, 39, 54
08, 12, 25, 32, 52, 58
07, 19, 26, 28, 35, 44
05, 12, 16, 18, 20, 41
07, 18, 29, 35, 37, 42
02, 08, 21, 34, 35, 40
14, 25, 45, 48, 52, 56
05, 13, 19, 25, 40, 54
09, 30, 39, 44, 47, 50
10, 21, 28, 32, 43, 53
05, 12, 20, 27, 36, 55
01, 08, 35, 39, 45, 49
03, 07, 14, 38, 50, 51
22, 32, 34, 43, 55, 56
03, 05, 09, 14, 34, 58
07, 29, 34, 49, 53, 57
23, 24, 30, 35, 45, 54
07, 26, 29, 31, 38, 47
22, 27, 36, 43, 48, 56
19, 22, 27, 45, 50, 52
17, 29, 30, 43, 52, 59
09, 22, 43, 47, 51, 53
09, 15, 22, 33, 34, 38
17, 22, 25, 42, 49, 59
08, 14, 17, 26, 36, 54
26, 28, 37, 38, 57, 58
03, 05, 20, 31, 57, 59
19, 23, 36, 37, 38, 42
10, 14, 25, 34, 41, 45
03, 16, 17, 36, 51, 58
26, 29, 43, 51, 52, 54
04, 05, 10, 16, 48, 53
08, 12, 22, 32, 35, 56
02, 15, 17, 21, 24, 42
10, 17, 26, 28, 31, 53
16, 20, 47, 53, 54, 55
16, 17, 28, 31, 45, 53
04, 11, 28, 34, 42, 43
06, 08, 27, 39, 45, 48
16, 23, 26, 30, 32, 53
07, 29, 33, 35, 42, 46
09, 39, 45, 49, 57, 59
19, 30, 37, 53, 54, 57
11, 21, 26, 39, 43, 54
04, 05, 06, 15, 50, 57
08, 16, 33, 36, 43, 52
11, 28, 30, 45, 49, 58
12, 15, 20, 32, 36, 44
18, 33, 35, 37, 39, 57
02, 18, 32, 35, 51, 52
10, 13, 17, 38, 48, 55
04, 28, 29, 37, 43, 56
01, 19, 22, 27, 39, 46
09, 15, 21, 23, 31, 46
03, 18, 24, 32, 36, 46
19, 21, 27, 39, 48, 49
10, 20, 35, 40, 47, 52
06, 18, 27, 40, 51, 55
13, 31, 40, 52, 57, 58
08, 12, 29, 32, 40, 47
23, 24, 43, 44, 55, 57
02, 11, 32, 42, 47, 48
13, 31, 38, 42, 43, 46
27, 45, 46, 52, 53, 55
18, 22, 31, 49, 50, 58
28, 35, 36, 43, 44, 53
03, 04, 14, 40, 42, 54
03, 04, 05, 30, 40, 43
02, 17, 30, 38, 43, 53
03, 05, 06, 14, 22, 38
06, 23, 27, 37, 40, 57
11, 19, 25, 29, 30, 55
12, 29, 30, 42, 52, 54
07, 19, 27, 29, 30, 35
12, 16, 29, 42, 49, 52
01, 13, 17, 42, 47, 53
11, 16, 20, 23, 25, 36
09, 12, 13, 14, 27, 46
07, 23, 42, 47, 48, 54
08, 24, 44, 53, 54, 59
03, 08, 32, 40, 42, 51
08, 13, 25, 34, 46, 54
15, 21, 32, 33, 51, 52
02, 07, 08, 42, 44, 48
01, 07, 15, 19, 49, 50
04, 05, 12, 23, 43, 56
08, 11, 15, 24, 52, 53
07, 31, 33, 38, 45, 46
04, 09, 10, 23, 28, 49
08, 20, 28, 52, 58, 59
02, 04, 09, 13, 26, 45
01, 14, 19, 22, 52, 58
02, 08, 14, 33, 34, 57
04, 18, 23, 29, 30, 36
06, 10, 16, 18, 19, 53
11, 22, 36, 40, 51, 52
15, 18, 24, 26, 50, 52
08, 13, 18, 19, 29, 59
39, 40, 43, 53, 54, 57
13, 22, 26, 28, 35, 52
11, 19, 33, 40, 43, 55
11, 25, 26, 35, 42, 45
04, 06, 27, 28, 31, 38
04, 07, 19, 34, 41, 56
28, 29, 37, 45, 50, 59
06, 13, 33, 40, 43, 55
09, 23, 34, 37, 53, 56
05, 09, 15, 16, 34, 48
22, 28, 35, 39, 52, 55
06, 12, 27, 34, 53, 58
03, 08, 12, 15, 31, 51
05, 18, 26, 41, 49, 56
03, 07, 18, 36, 44, 53
05, 16, 29, 42, 46, 51
09, 21, 28, 30, 35, 51
08, 13, 28, 30, 33, 36
15, 17, 18, 33, 40, 45
01, 09, 20, 21, 27, 52
09, 12, 26, 49, 52, 55
09, 22, 24, 42, 45, 57
08, 16, 19, 25, 45, 48
07, 15, 18, 30, 42, 57
02, 03, 21, 25, 45, 53
08, 16, 37, 39, 45, 48
03, 17, 37, 44, 46, 57
21, 23, 26, 42, 51, 58
04, 18, 21, 30, 44, 59
07, 25, 37, 44, 52, 58
08, 13, 20, 35, 41, 52
04, 42, 47, 55, 56, 57
12, 28, 34, 45, 46, 56
08, 13, 15, 16, 39, 53
11, 16, 23, 43, 47, 51
01, 11, 13, 14, 27, 40
02, 43, 48, 50, 53, 54
01, 08, 31, 40, 49, 58
12, 13, 24, 35, 39, 41
07, 09, 23, 30, 38, 51
02, 15, 27, 28, 31, 35
01, 13, 23, 24, 45, 50
12, 27, 39, 41, 45, 51
06, 10, 18, 29, 45, 53
03, 15, 27, 33, 39, 46
17, 29, 42, 45, 47, 52
17, 21, 32, 50, 55, 59
01, 10, 13, 17, 21, 58
15, 24, 27, 55, 56, 58
05, 11, 17, 26, 50, 55
08, 15, 21, 28, 53, 56
16, 18, 21, 24, 34, 41
04, 21, 27, 32, 33, 36
23, 34, 36, 40, 52, 53
04, 05, 18, 27, 38, 48
01, 04, 26, 40, 44, 55
12, 28, 31, 41, 42, 59
14, 16, 18, 23, 27, 54
04, 06, 11, 18, 20, 33
11, 38, 44, 48, 53, 54
01, 15, 19, 32, 46, 50
01, 11, 13, 47, 51, 54
16, 23, 29, 36, 38, 57
07, 16, 36, 50, 52, 57
02, 10, 19, 22, 23, 46
01, 16, 19, 31, 34, 53
02, 12, 16, 17, 40, 57
04, 11, 13, 19, 36, 51
17, 18, 32, 33, 36, 50
08, 16, 21, 36, 41, 44
05, 15, 18, 40, 42, 47
08, 23, 33, 34, 52, 58
08, 15, 20, 41, 43, 48
13, 18, 23, 24, 30, 54
01, 05, 40, 44, 56, 57
15, 17, 27, 37, 40, 49
05, 06, 11, 47, 50, 51
13, 15, 16, 26, 38, 44
15, 19, 22, 23, 30, 54
01, 14, 24, 31, 42, 51
04, 21, 30, 36, 40, 46
09, 23, 27, 37, 41, 45
06, 24, 28, 34, 41, 55
15, 18, 19, 24, 41, 59
12, 19, 25, 38, 50, 55
11, 19, 20, 23, 26, 38
03, 10, 30, 35, 37, 39
02, 08, 20, 42, 54, 59
08, 16, 17, 29, 39, 56
08, 15, 19, 37, 48, 59
16, 22, 24, 33, 37, 42
05, 13, 18, 25, 45, 50
13, 21, 35, 41, 46, 55
13, 15, 20, 28, 36, 56
04, 14, 17, 23, 36, 53
17, 30, 34, 36, 42, 57
04, 08, 11, 13, 31, 36
04, 17, 39, 51, 52, 53
04, 07, 17, 40, 42, 44
02, 03, 07, 09, 12, 57
32, 38, 44, 45, 55, 57
03, 04, 23, 27, 46, 55
11, 14, 26, 29, 33, 44
03, 12, 22, 28, 43, 59
09, 13, 14, 29, 32, 51
06, 11, 21, 45, 55, 57
29, 38, 39, 43, 53, 57
13, 27, 29, 33, 40, 45
13, 15, 21, 24, 28, 45
06, 09, 10, 19, 39, 47
01, 03, 13, 18, 41, 59
09, 14, 35, 44, 55, 58
11, 22, 36, 39, 45, 50
01, 10, 18, 29, 43, 46
03, 22, 41, 42, 45, 47
02, 39, 41, 53, 54, 56
07, 13, 14, 28, 38, 43
05, 10, 19, 22, 36, 39
05, 07, 10, 22, 27, 54
12, 18, 32, 40, 50, 52
15, 22, 33, 42, 48, 53
13, 14, 17, 25, 34, 48
18, 20, 34, 37, 42, 56
02, 09, 19, 42, 43, 54
05, 27, 28, 31, 48, 58
01, 14, 24, 25, 50, 58
05, 21, 31, 35, 41, 55
05, 08, 25, 31, 45, 59
14, 16, 19, 30, 37, 40
06, 08, 11, 35, 38, 56
09, 15, 19, 27, 46, 54
14, 16, 31, 38, 43, 54
25, 26, 28, 35, 49, 55
06, 08, 17, 22, 27, 28
02, 11, 12, 21, 36, 50
15, 16, 34, 35, 44, 54
03, 05, 11, 12, 17, 27
01, 23, 24, 25, 36, 52
04, 25, 26, 36, 47, 55
05, 18, 21, 43, 48, 49
12, 24, 33, 46, 54, 59
15, 18, 28, 35, 52, 55
01, 05, 22, 25, 35, 45
07, 08, 12, 37, 38, 55
03, 04, 38, 46, 48, 55
01, 13, 15, 19, 20, 33
06, 18, 51, 52, 53, 55
08, 24, 32, 36, 40, 42
07, 23, 24, 43, 50, 53
08, 16, 27, 30, 37, 57
13, 17, 26, 27, 55, 58
09, 17, 19, 44, 46, 53
10, 11, 15, 17, 23, 26
12, 20, 30, 50, 54, 55
10, 20, 28, 29, 51, 52
08, 27, 32, 44, 54, 55
01, 06, 07, 12, 14, 55
01, 17, 27, 28, 39, 45
01, 15, 38, 41, 50, 52
06, 16, 25, 30, 38, 55
21, 24, 26, 41, 53, 57
11, 13, 21, 35, 44, 54
01, 20, 21, 27, 37, 38
06, 08, 26, 27, 36, 48
20, 33, 49, 51, 52, 56
10, 22, 23, 40, 46, 52
04, 09, 15, 29, 39, 55
08, 21, 36, 39, 58, 59
01, 06, 11, 13, 23, 24
04, 15, 22, 41, 50, 55
04, 06, 20, 31, 39, 54
03, 06, 33, 36, 51, 56
12, 13, 19, 22, 47, 48
02, 18, 29, 38, 46, 59
01, 13, 16, 25, 40, 43
09, 17, 35, 43, 45, 53
06, 15, 31, 48, 53, 57
04, 08, 12, 23, 34, 53
14, 33, 35, 39, 44, 57
29, 30, 31, 35, 47, 57
01, 04, 18, 25, 33, 37
05, 16, 18, 21, 24, 54
07, 17, 24, 39, 48, 55
02, 06, 10, 20, 43, 58
01, 03, 25, 26, 49, 52
05, 13, 14, 16, 22, 25
23, 31, 37, 45, 46, 51
01, 14, 20, 28, 35, 40
05, 29, 30, 31, 46, 59
04, 17, 27, 34, 53, 54
21, 32, 37, 43, 48, 57
03, 09, 41, 45, 51, 57
11, 27, 30, 36, 46, 49
03, 05, 19, 24, 33, 53
06, 08, 32, 44, 47, 50
03, 32, 40, 46, 50, 56
02, 08, 26, 41, 47, 55
01, 04, 18, 39, 42, 54
01, 06, 13, 26, 40, 55
10, 24, 28, 35, 43, 55
08, 12, 16, 27, 42, 52
02, 17, 22, 30, 35, 49
01, 06, 09, 22, 35, 41
08, 12, 19, 24, 32, 53
10, 17, 23, 27, 30, 50
07, 17, 25, 28, 48, 49
07, 08, 39, 44, 50, 54
07, 10, 28, 43, 47, 48
23, 36, 38, 39, 42, 44
20, 34, 36, 40, 41, 51
15, 24, 32, 34, 43, 57
01, 11, 14, 26, 28, 56
05, 06, 14, 44, 52, 54
08, 09, 21, 26, 35, 38
05, 14, 28, 35, 50, 53
06, 10, 19, 22, 37, 43
23, 25, 31, 36, 42, 59
11, 18, 20, 31, 44, 46
19, 25, 37, 51, 55, 56
30, 34, 42, 50, 53, 55
01, 04, 12, 30, 40, 48
12, 19, 36, 43, 47, 51
01, 05, 07, 32, 55, 56
11, 13, 21, 35, 48, 55
07, 09, 27, 44, 46, 56
14, 24, 25, 34, 42, 43
05, 21, 44, 45, 51, 56
05, 06, 07, 15, 26, 42
18, 27, 30, 35, 49, 53
10, 30, 32, 48, 50, 52
02, 11, 20, 31, 48, 54
01, 11, 33, 48, 50, 52
02, 14, 37, 43, 44, 49
02, 09, 25, 31, 39, 42
11, 20, 30, 36, 53, 54
04, 05, 27, 33, 38, 46
09, 36, 38, 43, 46, 49
03, 19, 23, 43, 46, 49
17, 20, 33, 35, 37, 49
06, 24, 41, 42, 49, 55
22, 24, 37, 45, 52, 56
26, 27, 28, 32, 47, 59
02, 06, 15, 32, 50, 53
01, 06, 08, 28, 35, 42
02, 05, 07, 27, 28, 53
04, 09, 25, 26, 32, 35
05, 08, 14, 37, 42, 55
03, 08, 34, 41, 54, 55
12, 15, 32, 44, 51, 56
05, 16, 18, 25, 41, 55
12, 17, 21, 23, 26, 51
06, 14, 17, 24, 41, 59
17, 24, 27, 28, 50, 55
08, 21, 27, 28, 50, 53
02, 03, 16, 17, 23, 43
20, 31, 33, 41, 48, 56
10, 11, 30, 40, 42, 59
30, 35, 39, 48, 50, 59
06, 10, 16, 24, 33, 39
15, 23, 24, 31, 36, 41
02, 05, 27, 32, 38, 50
05, 15, 33, 39, 43, 52
12, 21, 29, 33, 42, 54
16, 19, 20, 22, 25, 55
06, 12, 14, 32, 56, 59
10, 13, 22, 30, 40, 57
02, 03, 08, 12, 31, 55
03, 08, 26, 38, 51, 58
02, 21, 29, 35, 40, 43
05, 25, 36, 44, 47, 49
06, 15, 22, 30, 42, 56
04, 07, 11, 44, 54, 56
07, 08, 12, 29, 43, 51
05, 14, 22, 28, 30, 31
09, 22, 35, 47, 48, 57
09, 20, 35, 51, 55, 59
01, 16, 17, 22, 27, 36
09, 18, 20, 40, 46, 55
03, 23, 31, 32, 44, 50
04, 11, 18, 27, 31, 45
07, 15, 18, 24, 36, 41
01, 13, 16, 24, 32, 57
19, 31, 37, 40, 43, 54
03, 09, 10, 33, 48, 51
02, 13, 22, 30, 47, 56
05, 23, 26, 27, 30, 53
12, 17, 21, 30, 50, 59
19, 37, 39, 47, 51, 53
11, 20, 21, 26, 43, 58
05, 26, 27, 31, 38, 49
23, 34, 41, 48, 57, 59
11, 19, 31, 37, 54, 59
01, 18, 20, 33, 35, 46
13, 15, 36, 46, 47, 53
15, 18, 31, 44, 51, 53
01, 02, 05, 08, 45, 48
09, 19, 26, 33, 34, 51
12, 15, 27, 43, 49, 53
03, 08, 25, 35, 49, 50
29, 31, 38, 42, 52, 58
10, 17, 19, 42, 44, 49
10, 17, 24, 25, 52, 53
15, 25, 32, 33, 39, 48
14, 25, 42, 47, 51, 56
03, 16, 34, 36, 47, 50
02, 03, 07, 14, 15, 43
06, 07, 33, 37, 48, 53
16, 23, 25, 35, 39, 55
08, 23, 25, 26, 45, 51
04, 05, 19, 36, 43, 47
08, 21, 24, 43, 48, 53
09, 17, 35, 42, 53, 57
03, 12, 13, 17, 31, 34
02, 07, 10, 33, 39, 44
02, 11, 19, 20, 26, 52
19, 36, 37, 44, 54, 55
07, 19, 23, 44, 45, 56
03, 07, 12, 13, 18, 20
11, 13, 15, 26, 40, 58
01, 11, 22, 45, 57, 58
06, 12, 16, 38, 44, 52
02, 09, 14, 16, 23, 27
25, 29, 40, 41, 49, 56
08, 24, 43, 45, 54, 56
02, 15, 17, 39, 51, 52
12, 17, 20, 23, 40, 58
09, 19, 20, 42, 46, 55
09, 11, 17, 25, 42, 44
05, 06, 09, 13, 34, 50
12, 23, 30, 31, 46, 52
07, 11, 19, 38, 51, 54
10, 17, 18, 49, 58, 59
11, 12, 31, 38, 48, 57
16, 25, 40, 46, 55, 58
02, 12, 28, 43, 52, 57
05, 08, 18, 25, 34, 55
25, 26, 27, 32, 35, 50
02, 14, 18, 29, 36, 55
01, 12, 15, 18, 41, 51
04, 10, 27, 46, 52, 56
04, 11, 12, 20, 22, 49
08, 11, 22, 39, 46, 55
05, 11, 16, 27, 28, 59
01, 03, 13, 28, 36, 41
01, 05, 13, 35, 51, 52
04, 11, 43, 44, 52, 57
27, 35, 42, 45, 55, 59
08, 13, 22, 26, 44, 58
07, 15, 21, 33, 35, 46
02, 09, 20, 22, 55, 57
04, 05, 12, 21, 52, 58
06, 10, 16, 21, 29, 54
14, 16, 27, 29, 52, 58
05, 16, 17, 37, 51, 57
04, 11, 14, 20, 34, 44
05, 06, 24, 25, 28, 33
10, 18, 33, 40, 45, 46
27, 30, 32, 44, 58, 59
03, 04, 28, 31, 50, 58
03, 05, 09, 15, 27, 29
06, 22, 28, 42, 50, 55
13, 25, 33, 35, 36, 59
34, 42, 43, 44, 48, 55
05, 13, 31, 33, 38, 39
01, 08, 15, 17, 26, 56
04, 15, 19, 20, 21, 28
10, 14, 26, 33, 39, 48
03, 04, 16, 22, 58, 59
22, 27, 28, 38, 46, 55
20, 26, 36, 43, 45, 58
09, 14, 24, 26, 35, 55
17, 25, 30, 37, 39, 42
01, 03, 09, 28, 53, 55
17, 19, 31, 34, 44, 50
12, 25, 45, 50, 55, 56
01, 06, 19, 44, 48, 54
05, 08, 16, 36, 51, 52
13, 16, 17, 22, 27, 55
17, 24, 27, 28, 31, 34
14, 18, 25, 35, 38, 53
02, 13, 17, 19, 30, 43
01, 05, 20, 35, 36, 40
04, 10, 19, 31, 40, 58
02, 10, 17, 31, 35, 41
02, 09, 10, 31, 40, 52
09, 10, 29, 38, 40, 46
08, 12, 33, 36, 47, 55
03, 14, 37, 44, 50, 59
17, 18, 20, 21, 32, 42
02, 10, 15, 31, 34, 56
09, 11, 14, 16, 49, 57
06, 29, 30, 34, 44, 49
04, 12, 30, 55, 56, 59
02, 07, 24, 36, 53, 57
04, 10, 11, 18, 25, 28
07, 29, 30, 37, 42, 53
08, 12, 33, 40, 43, 48
03, 06, 09, 19, 31, 41
02, 10, 19, 27, 30, 35
07, 10, 14, 41, 43, 59
11, 12, 19, 49, 55, 59
07, 10, 34, 38, 57, 59
23, 37, 41, 43, 45, 47
02, 11, 12, 47, 49, 57
09, 10, 12, 23, 52, 58
06, 19, 21, 26, 41, 57
20, 21, 29, 32, 45, 48
08, 22, 24, 44, 50, 57
02, 03, 12, 14, 16, 38
04, 05, 19, 21, 23, 29
07, 27, 30, 45, 50, 53
15, 17, 26, 37, 43, 57
04, 05, 28, 33, 41, 46
02, 12, 19, 29, 46, 50
01, 28, 38, 57, 58, 59
03, 09, 21, 29, 52, 58
01, 22, 32, 37, 57, 59
15, 25, 33, 42, 53, 57
06, 09, 22, 39, 41, 44
09, 19, 31, 54, 57, 59
03, 12, 18, 25, 39, 43
15, 28, 49, 50, 53, 56
02, 18, 25, 28, 30, 35
05, 09, 23, 34, 44, 59
07, 09, 24, 26, 48, 49
09, 12, 17, 38, 45, 46
19, 20, 25, 29, 30, 55
28, 32, 36, 37, 39, 47
15, 23, 29, 39, 40, 51
05, 11, 19, 24, 52, 54
09, 10, 21, 43, 44, 50
03, 10, 42, 46, 52, 53
05, 17, 31, 37, 44, 55
04, 17, 18, 34, 39, 56
04, 11, 16, 17, 31, 59
03, 06, 31, 48, 50, 53
03, 10, 11, 15, 16, 54
06, 15, 22, 37, 41, 45
03, 06, 14, 17, 45, 48
19, 22, 29, 33, 37, 54
02, 21, 34, 41, 52, 59
05, 07, 45, 48, 54, 59
02, 09, 10, 22, 35, 42
04, 05, 10, 11, 44, 47
08, 17, 27, 30, 34, 53
07, 22, 23, 27, 50, 58
09, 10, 25, 26, 35, 44
23, 31, 34, 41, 47, 53
03, 06, 11, 30, 43, 59
13, 21, 38, 39, 41, 57
08, 14, 26, 27, 44, 53
04, 28, 30, 32, 42, 46
02, 06, 25, 35, 56, 59
11, 20, 21, 31, 37, 41
10, 13, 21, 35, 43, 56
02, 15, 23, 29, 30, 49
14, 27, 43, 45, 46, 50
27, 29, 30, 42, 48, 59
01, 11, 22, 34, 35, 50
02, 17, 23, 26, 50, 58
07, 20, 26, 27, 40, 52
01, 12, 30, 38, 39, 51
12, 27, 30, 32, 43, 50
07, 08, 19, 31, 39, 52
08, 22, 38, 48, 50, 52
05, 16, 17, 25, 27, 31
01, 27, 42, 54, 56, 58
21, 30, 33, 41, 50, 58
15, 31, 32, 46, 48, 53
25, 32, 45, 51, 54, 55
03, 14, 36, 42, 45, 48
09, 17, 20, 27, 32, 42
08, 15, 23, 50, 52, 58
24, 28, 39, 45, 46, 47
04, 06, 34, 38, 52, 59
22, 23, 28, 30, 41, 45
05, 11, 21, 24, 34, 55
11, 19, 35, 37, 51, 52
02, 15, 16, 29, 37, 53
02, 31, 47, 48, 50, 52
12, 19, 35, 41, 56, 58
03, 06, 30, 41, 45, 56
19, 24, 36, 37, 47, 53
03, 05, 09, 21, 23, 24
11, 17, 20, 27, 45, 54
04, 09, 17, 18, 21, 52
22, 24, 37, 39, 44, 48
13, 16, 20, 22, 47, 57
14, 15, 29, 53, 55, 59
08, 21, 23, 50, 52, 53
15, 27, 46, 52, 53, 59
04, 21, 26, 27, 53, 57
05, 26, 34, 36, 44, 57
11, 20, 23, 29, 53, 58
03, 05, 28, 34, 37, 53
17, 29, 35, 37, 44, 47
04, 11, 24, 33, 45, 47
02, 12, 16, 22, 28, 31
10, 11, 23, 45, 51, 52
01, 03, 24, 43, 48, 52
08, 13, 26, 27, 32, 35
13, 25, 27, 50, 51, 58
14, 39, 41, 48, 55, 56
11, 15, 28, 31, 40, 44
23, 35, 37, 52, 55, 58
05, 24, 29, 33, 48, 53
02, 04, 14, 20, 33, 49
09, 18, 24, 34, 49, 58
13, 20, 33, 52, 54, 56
05, 15, 24, 31, 52, 59
05, 11, 28, 31, 34, 54
02, 20, 35, 37, 41, 52
03, 28, 37, 38, 44, 59
01, 20, 28, 30, 34, 49
05, 08, 18, 36, 48, 53
15, 16, 17, 26, 49, 55
02, 09, 21, 25, 45, 54
03, 06, 13, 27, 31, 58
22, 23, 28, 39, 51, 52
16, 22, 26, 35, 50, 54
05, 18, 21, 22, 28, 31
19, 32, 41, 44, 50, 59
02, 04, 18, 39, 55, 56
04, 21, 24, 34, 36, 54
07, 16, 32, 46, 54, 55
11, 17, 26, 29, 36, 45
10, 15, 27, 38, 39, 41
07, 18, 19, 29, 43, 51
07, 13, 19, 27, 31, 52
17, 18, 20, 26, 39, 41
06, 07, 08, 13, 33, 55
05, 10, 16, 17, 46, 48
08, 13, 20, 44, 50, 55
04, 08, 11, 18, 33, 54
02, 15, 18, 20, 47, 58
05, 09, 13, 31, 40, 54
16, 21, 24, 35, 43, 47
06, 21, 27, 41, 43, 56
06, 09, 16, 21, 36, 44
02, 21, 40, 42, 49, 53
05, 11, 23, 25, 48, 58
01, 12, 22, 31, 50, 58
03, 24, 31, 33, 41, 48
15, 17, 25, 33, 34, 37
08, 19, 22, 31, 41, 58
08, 12, 13, 29, 43, 56
02, 05, 08, 24, 28, 41
13, 36, 39, 40, 41, 46
02, 31, 36, 40, 46, 51
01, 04, 20, 32, 41, 58
01, 07, 30, 31, 42, 44
12, 14, 23, 42, 55, 58
02, 03, 23, 31, 37, 55
08, 39, 41, 54, 57, 59
01, 09, 13, 35, 49, 59
02, 17, 26, 39, 40, 41
13, 35, 42, 47, 48, 58
01, 09, 11, 16, 19, 22
01, 07, 10, 12, 43, 48
01, 09, 45, 51, 55, 57
01, 16, 18, 25, 28, 55
01, 03, 12, 13, 26, 49
12, 14, 21, 45, 50, 55
07, 12, 14, 23, 37, 53
05, 08, 09, 17, 28, 48
03, 09, 11, 16, 20, 38
03, 30, 31, 35, 37, 52
22, 25, 34, 40, 45, 46
13, 32, 35, 42, 52, 54
06, 14, 25, 39, 44, 48
03, 18, 26, 28, 41, 53
05, 07, 13, 17, 38, 42
04, 05, 12, 21, 32, 41
09, 10, 11, 19, 41, 58
15, 16, 23, 30, 43, 54
04, 17, 18, 31, 34, 58
03, 05, 08, 13, 47, 55
16, 18, 22, 28, 35, 46
04, 11, 18, 37, 51, 59
05, 11, 28, 32, 34, 35
21, 22, 29, 32, 39, 47
01, 10, 13, 26, 33, 53
20, 31, 34, 40, 42, 54
09, 23, 39, 41, 48, 52
10, 16, 17, 21, 33, 58
01, 17, 21, 35, 51, 52
10, 36, 46, 48, 54, 56
01, 24, 27, 43, 48, 50
13, 14, 20, 34, 41, 49
01, 14, 25, 37, 41, 53
11, 14, 21, 28, 40, 49
05, 11, 15, 33, 39, 40
04, 19, 25, 46, 52, 55
02, 24, 26, 36, 43, 55
01, 12, 15, 24, 35, 41
01, 02, 08, 17, 25, 43
27, 35, 36, 43, 52, 54
09, 37, 38, 41, 46, 58
15, 22, 23, 30, 36, 38
06, 09, 12, 15, 22, 37
04, 07, 09, 20, 52, 57
07, 17, 30, 46, 53, 55
04, 08, 15, 29, 40, 56
13, 24, 44, 48, 56, 59
06, 09, 34, 44, 54, 59
08, 10, 24, 28, 40, 52
03, 05, 10, 50, 54, 57
03, 19, 23, 42, 45, 56
12, 23, 25, 29, 42, 46
07, 14, 15, 30, 41, 50
08, 10, 22, 23, 32, 34
08, 16, 21, 23, 39, 43
20, 31, 41, 43, 48, 59
01, 20, 25, 30, 31, 57
16, 18, 26, 44, 49, 51
05, 12, 18, 33, 56, 57
08, 30, 31, 32, 36, 49
03, 08, 25, 43, 47, 58
19, 26, 42, 47, 49, 59
11, 28, 43, 48, 51, 59
05, 12, 13, 22, 25, 35
03, 08, 09, 26, 39, 42
09, 13, 15, 25, 38, 56
11, 17, 25, 27, 47, 48
02, 16, 22, 44, 56, 59
03, 19, 21, 44, 49, 57
08, 24, 31, 39, 54, 59
10, 21, 30, 38, 45, 59
31, 40, 42, 48, 49, 57
14, 27, 30, 31, 50, 52
04, 11, 18, 37, 50, 53
16, 27, 33, 36, 43, 58
23, 25, 36, 43, 46, 48
08, 10, 46, 48, 50, 58
04, 05, 10, 32, 34, 44
14, 21, 27, 36, 53, 56
02, 26, 32, 40, 43, 59
03, 26, 27, 53, 55, 58
04, 14, 30, 33, 49, 54
01, 06, 08, 09, 18, 38
09, 16, 22, 27, 46, 51
13, 18, 21, 27, 58, 59
09, 12, 14, 17, 26, 28
01, 05, 13, 26, 35, 53
15, 21, 26, 39, 46, 53
04, 08, 27, 31, 33, 54
41, 43, 49, 57, 58, 59
17, 22, 35, 40, 43, 50
17, 23, 24, 28, 32, 57
03, 09, 26, 34, 48, 59
16, 22, 31, 37, 48, 52
04, 05, 13, 21, 53, 57
05, 17, 18, 32, 37, 56
12, 13, 21, 50, 56, 58
04, 08, 13, 30, 36, 58
16, 21, 32, 33, 35, 57
07, 43, 48, 54, 58, 59
01, 04, 13, 15, 30, 33
01, 28, 29, 31, 55, 58
02, 09, 29, 40, 55, 57
01, 12, 17, 28, 46, 47
01, 08, 17, 18, 24, 42
02, 17, 25, 36, 40, 46
14, 26, 30, 35, 50, 56
18, 22, 41, 45, 49, 56
10, 13, 40, 44, 51, 55
09, 21, 24, 26, 50, 54
05, 11, 15, 23, 26, 42
21, 23, 25, 28, 46, 59
12, 22, 28, 30, 48, 59
02, 21, 25, 26, 40, 57
13, 25, 32, 47, 52, 57
06, 09, 10, 18, 25, 42
06, 16, 22, 25, 31, 56
07, 13, 18, 19, 38, 51
12, 42, 49, 53, 54, 59
08, 09, 19, 34, 39, 43
10, 18, 30, 44, 50, 56
18, 19, 32, 38, 49, 54
16, 24, 25, 28, 51, 52
06, 23, 25, 39, 42, 53
04, 48, 51, 52, 54, 57
16, 21, 40, 41, 44, 49
03, 16, 25, 40, 44, 50
10, 19, 29, 30, 33, 56
18, 22, 29, 37, 43, 52
12, 13, 16, 49, 50, 59
09, 13, 16, 23, 35, 58
05, 14, 27, 32, 33, 46
11, 31, 44, 45, 48, 53
03, 09, 29, 49, 51, 54
02, 03, 18, 35, 56, 58
01, 13, 14, 20, 41, 45
01, 08, 14, 33, 48, 59
06, 23, 27, 45, 47, 49
15, 23, 28, 34, 45, 53
01, 03, 10, 24, 35, 56
09, 26, 28, 34, 36, 57
15, 17, 21, 38, 40, 42
04, 25, 26, 34, 40, 46
05, 07, 08, 13, 25, 28
03, 09, 18, 46, 47, 55
03, 13, 20, 25, 31, 39
01, 17, 21, 33, 44, 45
13, 22, 27, 29, 30, 40
01, 03, 20, 27, 30, 49
08, 20, 27, 32, 36, 54
07, 18, 39, 43, 45, 46
05, 20, 25, 44, 50, 53
01, 04, 16, 25, 29, 56
14, 15, 21, 23, 41, 50
04, 15, 24, 33, 37, 58
02, 10, 38, 50, 53, 57
04, 07, 12, 17, 26, 55
04, 29, 30, 34, 46, 54
09, 28, 31, 45, 49, 50
05, 21, 24, 31, 32, 55
09, 24, 34, 40, 47, 59
40, 41, 51, 52, 53, 56
03, 23, 31, 46, 53, 55
01, 04, 07, 23, 43, 54
04, 26, 33, 35, 54, 55
12, 20, 22, 26, 37, 59
13, 14, 24, 35, 36, 50
05, 08, 16, 26, 34, 49
07, 17, 30, 34, 47, 58
09, 12, 29, 30, 43, 59
22, 23, 31, 33, 46, 52
05, 08, 13, 19, 28, 53
04, 19, 27, 36, 46, 50
09, 16, 18, 34, 45, 51
10, 14, 29, 30, 33, 37
06, 14, 18, 23, 31, 37
30, 32, 35, 40, 50, 58
20, 32, 40, 46, 52, 54
18, 19, 21, 30, 54, 56
07, 21, 24, 33, 41, 45
17, 24, 27, 29, 31, 49
04, 06, 17, 20, 34, 43
15, 22, 27, 34, 49, 57
11, 23, 28, 37, 40, 41
07, 15, 20, 25, 34, 59
19, 21, 22, 28, 41, 42
03, 23, 29, 31, 42, 53
19, 32, 33, 34, 44, 54
05, 12, 14, 42, 52, 55
05, 19, 26, 41, 44, 50
12, 13, 27, 54, 55, 56
10, 25, 30, 31, 36, 58
09, 23, 34, 37, 52, 56
12, 25, 32, 33, 47, 55
03, 08, 14, 17, 37, 53
17, 39, 44, 48, 55, 59
23, 33, 39, 49, 53, 57
02, 14, 19, 54, 56, 58
